CALENDAR_MONTH_END_DATE,APC_Finished_Consultant,APC_FCEs_with_a_procedure,APC_Percent_FCEs_with_procedure,APC_Ordinary_Episodes,APC_Day_Case_Episodes,APC_Day_Case_Episodes_with_proc,APC_Percent_Day_Cases_with_proc,APC_Finished_Admission_Episodes,APC_Emergency,Outpatient_Total_Appointments,Outpatient_Attended_Appointments,Outpatient_Percent_Attended,Outpatient_DNA_Appointment,Outpatient_Percent_DNA,Outpatient_Follow_Up_Attendance,Outpatient_Attendance_Type_1,Outpatient_Attendance_Type_2
JAN26,1833266,745875,0.41,1130047,703219,490902,0.7,1494030,530379,12549453,9717245,.77,692968,.06,2.060130409,3174783,6540467
DEC25,1831671,1035461,0.57,1159716,671955,619583,0.92,1475255,549131,11938241,9149914,.77,664644,.06,2.06647178,2983266,6164835
NOV25,1823803,1073226,0.59,1127725,696078,644790,0.93,1488797,530863,12168015,9497893,.78,660777,.05,2.028276585,3136093,6360864
OCT25,1971662,1177344,0.6,1202607,769055,714104,0.93,1610631,562862,13274749,10343087,.78,721112,.05,2.024371678,3419666,6922675
SEP25,1905385,1143316,0.6,1164349,741036,688224,0.93,1555336,546825,13013605,10094262,.78,706697,.05,2.008685344,3354847,6738832
AUG25,1804115,1074602,0.6,1123525,680590,632230,0.93,1470751,528242,11315806,8766464,.77,615021,.05,2.011213951,2911106,5854857
JUL25,1968276,1188502,0.6,1200378,767898,717714,0.93,1610100,564739,13384630,10376561,.78,732005,.05,2.020954986,3434648,6941269
JUN25,1881567,1135597,0.6,1153300,728267,680234,0.93,1536539,542494,12619602,9835729,.78,695709,.06,1.99250844,3286632,6548642
MAY25,1894434,1141920,0.6,1170073,724361,677726,0.94,1547333,551720,12135523,9490629,.78,652340,.05,2.026613984,3135532,6354513
APR25,1842070,1107020,0.6,1134453,707617,662089,0.94,1502207,536047,12101094,9428373,.78,639379,.05,2.059961863,3080508,6345729
MAR25,1923041,1124068,0.58,1184656,738385,689223,0.93,1571473,557567,12249463,9523191,.78,644921,.05,2.000192533,3173481,6347573
FEB25,1770736,1066024,0.6,1072558,698178,652787,0.93,1451585,501943,11661621,9070819,.78,615304,.05,2.019461102,3003427,6065304
JAN25,1939432,1162743,0.6,1180969,758463,709438,0.94,1581499,555192,12962398,10054568,.78,718703,.06,2.057013679,3288474,6764436
DEC24,1813531,1051251,0.58,1163485,650046,607445,0.93,1463492,559406,11085473,8493703,.77,636508,.06,2.040189486,2793243,5698745
NOV24,1898365,1142324,0.6,1164028,734337,686679,0.94,1557086,555369,12357059,9634390,.78,684614,.06,2.014224253,3195950,6437360
OCT24,1984081,1201633,0.61,1208682,775399,724738,0.93,1631135,575067,13233112,10273632,.78,734430,.06,2.022547712,3398571,6873772
SEP24,1843742,1117229,0.61,1133666,710076,664393,0.94,1512184,535974,12137576,9383510,.77,692701,.06,2.021473842,3105313,6277309
AUG24,1834443,1117522,0.61,1128523,705920,660971,0.94,1505755,532292,11468775,8851039,.77,656673,.06,2.027249912,2923459,5926582
JUL24,1952969,1187835,0.61,1190240,762729,713939,0.94,1601803,566123,12954972,10008291,.77,733733,.06,2.018474978,3315349,6691949
JUN24,1812300,1090901,0.6,1125998,686302,641679,0.93,1487535,542173,11659218,9014286,.77,660221,.06,2.001600159,3002826,6010457
MAY24,1921530,1155607,0.6,1190237,731293,684221,0.94,1579533,575744,12260709,9564532,.78,691341,.06,2.031153369,3155036,6408362
APR24,1861445,1120946,0.6,1151235,710210,664552,0.94,1525776,558126,12020614,9353192,.78,674962,.06,2.05414575,3062124,6290049
MAR24,1855318,1071637,0.58,1167686,687632,635164,0.92,1529117,573401,11176694,8710477,.78,625936,.06,2.0768174,2833517,5876176
FEB24,1799163,1064516,0.59,1113835,685328,635135,0.93,1478336,537074,11581356,9013568,.78,640324,.06,2.0879787,2924747,6088133
JAN24,1887271,1116786,0.59,1174721,712550,665878,0.93,1539810,568335,12324617,9567299,.78,719351,.06,2.1181338,3075872,6490818
DEC23,1716509,992164,0.58,1122013,594496,556485,0.94,1393491,550294,10011736,7663157,.77,613080,.06,2.0892977,2486952,5175794
NOV23,1877347,1134624,0.6,1157507,719840,674137,0.94,1544416,554701,12217216,9543940,.78,742892,.06,2.0667545,3119509,6423686
OCT23,1837878,1096029,0.6,1154568,683310,640002,0.94,1504232,557192,11905182,9097744,.76,720416,.06,2.0408669,2999414,6097666
SEP23,1748051,1052143,0.6,1098444,649607,608742,0.94,1433134,530458,11207017,8574841,.76,676622,.06,2.0738301,2796301,5777995
AUG23,1770916,1070853,0.6,1108954,661962,621229,0.94,1448161,533014,11216105,8628250,.77,664953,.06,2.1031077,2787442,5840236
JUL23,1763134,1058340,0.6,1117350,645784,606138,0.94,1440931,540482,11105355,8557663,.77,652384,.06,2.0650111,2797350,5759863
JUN23,1800521,1095312,0.61,1118210,682311,640634,0.94,1476656,536730,11677419,9025704,.77,706192,.06,2.0666768,2948595,6076594
MAY23,1791273,1078024,0.6,1127739,663534,622876,0.94,1466682,547184,11263834,8785142,.78,680418,.06,2.1144853,2831722,5952777
APR23,1603494,950951,0.59,1030824,572670,538040,0.94,1305162,500986,9759065,7467032,.76,577704,.06,2.1277852,2393485,5072378
MAR23,1796790,1059615,0.59,1109410,687380,637000,0.93,1477465,535904,11272464,8606564,.76,670457,.06,2.1451282,2735320,5867612
FEB23,1607104,972552,0.61,991248,615856,575705,0.93,1321989,476565,10040122,7802361,.78,599810,.06,2.1238325,2496452,5302046
JAN23,1721761,1032694,0.6,1074996,646765,605350,0.94,1402697,518490,10793830,8384737,.78,688410,.06,2.1605841,2651663,5729141
DEC22,1617749,936621,0.58,1057154,560595,524194,0.94,1308269,513937,9362551,7073189,.76,639435,.07,2.1564184,2239883,4830125
NOV22,1757335,1070336,0.61,1084288,673047,631595,0.94,1447269,519490,11292132,8827240,.78,715444,.06,2.1253172,2823099,5999981
OCT22,1687969,1020323,0.6,1061715,626254,588232,0.94,1385397,505298,10358170,8023248,.77,666510,.06,2.1050552,2582681,5436686
SEP22,1649802,1008170,0.61,1029335,620467,582576,0.94,1358340,488151,10518699,8018502,.76,691184,.07,2.1358059,2556060,5459248
AUG22,1656938,1012816,0.61,1036926,620012,581952,0.94,1356967,489284,10215681,7894194,.77,668391,.07,2.1280271,2522700,5368374
JUL22,1634051,984842,0.6,1039296,594755,557578,0.94,1340215,494530,10010795,7652409,.76,672358,.07,2.1119312,2458127,5191395
JUN22,1628785,978333,0.6,1040393,588392,552582,0.94,1335639,502526,10161122,7831709,.77,673929,.07,2.1219361,2508339,5322535
MAY22,1711918,1031365,0.6,1086088,625830,587559,0.94,1400698,523876,10844914,8451861,.78,702403,.06,2.1102064,2716865,5733146
APR22,1558069,922584,0.59,1011366,546703,512434,0.94,1264651,485949,9591089,7376175,.77,615121,.06,2.1398296,2339926,5007043
MAR22,1714165,1019991,0.6,1086650,627515,587235,0.94,1403590,521570,11206222,8641874,.77,714730,.06,2.1413806,2740503,5868460
FEB22,1527414,915751,0.6,970994,556420,522051,0.94,1248255,468013,9748168,7577241,.78,613623,.06,2.1320215,2409714,5137562
JAN22,1550474,911186,0.59,1013330,537144,505222,0.94,1253544,491883,10101936,7791647,.77,672930,.07,2.2037309,2422347,5338201
DEC21,1569820,915055,0.58,1045139,524681,492241,0.94,1267107,505324,9482082,7255171,.77,637370,.07,2.2034347,2255584,4970032
NOV21,1687544,1010573,0.6,1080242,607302,571296,0.94,1377678,518718,11034814,8654650,.78,718968,.07,2.1702533,2720288,5903714
OCT21,1647989,968969,0.59,1081821,566168,532212,0.94,1345030,521829,10125522,7894460,.78,657036,.06,2.1434476,2502621,5364237
SEP21,1654077,979044,0.59,1075546,578531,544688,0.94,1352229,518876,10660601,8282386,.78,703752,.07,2.1711656,2602923,5651377
AUG21,1600590,935142,0.58,1064311,536279,505602,0.94,1297660,512354,9611480,7442768,.77,624758,.07,2.1912527,2324009,5092491
JUL21,1704980,1006683,0.59,1119816,585164,551613,0.94,1390224,539307,10404901,8079610,.78,673882,.06,2.1698901,2539860,5511217
JUN21,1725395,1024047,0.59,1118939,606456,571548,0.94,1408450,546592,10728660,8478081,.79,678912,.06,2.1690591,2666215,5783178
MAY21,1655379,965251,0.58,1106721,548658,517627,0.94,1348199,545624,9619031,7718730,0.8,570172,.06,2.1782076,2428549,5289884
APR21,1588517,931174,0.59,1058465,530052,500328,0.94,1287524,520551,9602368,7718221,0.8,560788,.06,2.2388177,2382960,5335013
MAR21,1604914,937632,0.58,1063185,541729,508654,0.94,1294542,515365,10137274,8152098,0.8,562840,.06,2.2613795,2496118,5644670
FEB21,1325829,763450,0.58,908208,417621,393937,0.94,1046693,432661,8458452,6639233,.78,471538,.06,2.250588,2037935,4586552
JAN21,1338786,753922,0.56,942727,396059,374247,0.94,1042300,448329,8865878,6659982,.75,531229,.06,2.2562774,2040781,4604568
DEC20,1454131,849087,0.58,981093,473038,445596,0.94,1159024,466044,8905112,6941839,.78,559043,.06,2.2404985,2138155,4790533
NOV20,1506938,893210,0.59,990469,516469,486031,0.94,1214503,464099,9681408,7624631,.79,600913,.06,2.2373743,2350389,5258700
OCT20,1574723,930986,0.59,1047193,527530,495707,0.94,1272366,488429,9579625,7517113,.78,577482,.06,2.2193348,2330538,5172244
SEP20,1515936,874195,0.58,1033077,482859,452406,0.94,1217317,492437,9419098,7370728,.78,564477,.06,2.2511107,2263392,5095146
AUG20,1376539,767541,0.56,986847,389692,365483,0.94,1098061,477365,7745710,6057920,.78,439814,.06,2.269757,1849924,4198878
JUL20,1380268,767566,0.56,999401,380867,356468,0.94,1093552,483219,8429211,6631323,.79,441693,.05,2.3631575,1970206,4655907
JUN20,1205487,638157,0.53,920737,284750,267331,0.94,935088,448130,7632954,5963182,.78,364166,.05,2.4333925,1736022,4224423
MAY20,1017461,506288,0.5,825369,192092,179239,0.93,782986,404515,6233935,4589498,.74,266045,.04,2.5744962,1283133,3303421
APR20,867677,415595,0.48,708332,159345,149383,0.94,656688,330244,6810001,4268727,.63,261509,.04,2.8220692,1116181,3149940
MAR20,1462408,837589,0.57,975066,487342,456268,0.94,1170482,445419,9917653,6897428,0.7,596531,.06,2.2402743,2127656,4766533
FEB20,1690282,1007009,0.6,1070874,619408,582569,0.94,1393941,516503,10018835,7811062,.78,587761,.06,2.0851966,2530794,5277203
JAN20,1839295,1081952,0.59,1168631,670664,630170,0.94,1508884,568119,11153142,8711845,.78,682021,.06,2.1376877,2775389,5932915
DEC19,1714130,965283,0.56,1144634,569496,534974,0.94,1395738,569055,9503376,7280493,.77,602232,.06,2.0847562,2359319,4918605
NOV19,1798723,1057571,0.59,1149119,649604,610969,0.94,1489361,563408,10659513,8342470,.78,650859,.06,2.0942029,2695075,5644034
OCT19,1868490,1107801,0.59,1185956,682534,640672,0.94,1547363,574045,11441830,8918336,.78,703588,.06,2.0910141,2884354,6031225
SEP19,1731179,1024050,0.59,1109115,622064,584491,0.94,1432235,536397,10459915,8106956,.78,654894,.06,2.0811963,2630501,5474589
AUG19,1717762,1016529,0.59,1111033,606729,570504,0.94,1418377,533546,9805595,7611047,.78,609880,.06,2.1038616,2451618,5157865
JUL19,1849645,1104461,0.6,1174349,675296,634492,0.94,1529764,564555,11226873,8745684,.78,698662,.06,2.0825992,2836456,5907201
JUN19,1710637,1012059,0.59,1102988,607649,571804,0.94,1415306,531624,10054897,7831232,.78,627332,.06,2.0803668,2541645,5287554
MAY19,1800437,1061087,0.59,1161514,638923,601265,0.94,1483746,560316,10564094,8267388,.78,659622,.06,2.1069354,2660280,5605038
APR19,1729288,1006594,0.58,1123830,605458,569723,0.94,1417361,546599,10122059,7898057,.78,621658,.06,2.1180911,2532375,5363801
MAR19,1783616,1041733,0.58,1146458,637158,599692,0.94,1471902,555826,10346622,8096535,.78,621929,.06,2.1472282,2572041,5522759
FEB19,1652040,970533,0.59,1054455,597585,563307,0.94,1357496,510004,9798535,7650679,.78,598738,.06,2.1683569,2414282,5235025
JAN19,1826772,1058598,0.58,1169771,657001,618374,0.94,1496307,570673,11032177,8636822,.78,707588,.06,2.2002097,2697666,5935431
DEC18,1655793,930664,0.56,1115010,540783,509073,0.94,1350603,549819,8862716,6861236,.77,576635,.07,2.1451461,2180485,4677459
NOV18,1800163,1057838,0.59,1146386,653777,611924,0.94,1489119,552334,10969686,8628771,.79,695145,.06,2.1651674,2725708,5901614
OCT18,1831029,1079397,0.59,1164274,666755,623734,0.94,1512512,556643,11303992,8846921,.78,727676,.06,2.1531306,2805050,6039639
SEP18,1650167,965835,0.59,1070864,579303,542141,0.94,1367608,512001,9844312,7640499,.78,648571,.07,2.1602208,2417145,5221567
AUG18,1707413,1008544,0.59,1101091,606322,568439,0.94,1408713,523269,9995903,7775273,.78,658938,.07,2.1785838,2445731,5328230
JUL18,1749497,1032598,0.59,1123898,625599,586227,0.94,1447287,535964,10493043,8185894,.78,699105,.07,2.1585316,2590966,5592682
JUN18,1704775,1014449,0.6,1092801,611974,574016,0.94,1412865,519277,10270558,8028283,.78,670072,.07,2.1522412,2546163,5479957
MAY18,1750107,1038140,0.59,1123647,626460,587994,0.94,1453043,540049,10564546,8313038,.79,685372,.06,2.1653631,2625555,5685280
APR18,1649327,965935,0.59,1065819,583508,547698,0.94,1360043,512100,9869345,7756163,.79,629891,.06,2.1998943,2423291,5330984
MAR18,1698692,992879,0.58,1106289,592403,557720,0.94,1400323,530049,9934942,7620545,.77,668059,.07,2.1840771,2386147,5211529
FEB18,1576780,931281,0.59,1009936,566844,534607,0.94,1299635,481426,9496904,7389330,.78,610217,.06,2.1936769,2306790,5060352
JAN18,1748235,1016672,0.58,1122237,625998,590933,0.94,1433231,540162,10740376,8408912,.78,717474,.07,2.2142782,2608235,5775358
DEC17,1600826,910903,0.57,1076782,524044,494425,0.94,1312911,520487,8674812,6696821,.77,603457,.07,2.1822029,2098402,4579139
NOV17,1748062,1048020,0.6,1106641,641421,606195,0.95,1455845,521148,10755356,8514211,.79,696490,.06,2.1808437,2668913,5820482
OCT17,1738829,1038096,0.6,1112150,626679,591549,0.94,1446468,524302,10531738,8287403,.79,697384,.07,2.1646748,2611377,5652782
SEP17,1649228,990020,0.6,1058267,590961,557849,0.94,1374979,493581,9898588,7725204,.78,671725,.07,2.1794828,2422806,5280464
AUG17,1663305,1004652,0.6,1062319,600986,568266,0.95,1384836,493318,9911161,7775894,.78,670621,.07,2.1905373,2430118,5323264
JUL17,1669675,1001538,0.6,1077139,592536,559980,0.95,1394100,504156,9898177,7798830,.79,666218,.07,2.1691408,2453270,5321488
JUN17,1689768,1028483,0.61,1070134,619634,585915,0.95,1413028,498760,10380709,8179386,.79,708847,.07,2.1688989,2573107,5580809
MAY17,1705329,1019762,0.6,1095129,610200,577181,0.95,1422904,516870,10332866,8182897,.79,697023,.07,2.1822039,2563414,5593892
APR17,1542141,915236,0.59,1008223,533918,505895,0.95,1284679,476051,8823266,6964955,.79,576668,.07,2.1879151,2177946,4765161
MAR17,1764865,1072496,0.61,1108047,656818,620462,0.94,1480331,517510,10689225,8504556,0.8,671108,.06,2.2214633,2630738,5844088
FEB17,1551932,941880,0.61,979510,572422,541820,0.95,1296277,453487,9371798,7456806,0.8,592799,.06,2.2278037,2302188,5128823
JAN17,1662542,986073,0.59,1061402,601140,568925,0.95,1380585,499229,10137971,8039995,.79,683934,.07,2.2499062,2465301,5546696
DEC16,1599382,929480,0.58,1057897,541485,512372,0.95,1327208,503406,8868694,6973278,.79,604696,.07,2.2093388,2165174,4783603
NOV16,1699903,1033394,0.61,1067212,632691,599062,0.95,1429895,498680,10582893,8443102,0.8,701045,.07,2.2098187,2620987,5791906
OCT16,1654372,993693,0.6,1063120,591252,559550,0.95,1389153,496740,9870356,7828198,.79,654394,.07,2.1893753,2446233,5355722
SEP16,1639572,999801,0.61,1039461,600111,568616,0.95,1384090,482852,10136089,7991899,.79,693707,.07,2.2085265,2482625,5482943
AUG16,1623829,987564,0.61,1034914,588915,557810,0.95,1362976,478376,9748156,7688644,.79,671079,.07,2.2017479,2393378,5269615
JUL16,1641434,989612,0.6,1061064,580370,549792,0.95,1382493,493733,9516030,7514599,.79,659145,.07,2.199965,2340115,5148171
JUN16,1661686,1014759,0.61,1050786,610900,579290,0.95,1402133,487720,10257542,8107893,.79,715847,.07,2.1934853,2529954,5549417
MAY16,1629157,976138,0.6,1053678,575479,545785,0.95,1372030,497322,9697897,7736322,0.8,659739,.07,2.195304,2411983,5295036
APR16,1598233,968004,0.61,1023352,574881,546129,0.95,1339496,474179,9702261,7659009,.79,630516,.06,2.2425111,2352861,5276317
MAR16,1641758,969164,0.59,1059111,582647,550445,0.94,1380794,505045,9531451,7473473,.78,616747,.06,2.2721288,2274710,5168434
FEB16,1598060,962813,0.6,1015602,582458,551749,0.95,1344487,475966,9501460,7528731,.79,601431,.06,2.2576557,2301742,5196541
JAN16,1597911,947813,0.59,1031928,565983,535774,0.95,1342485,489298,9374648,7415963,.79,624165,.07,2.2923264,2243208,5142165
DEC15,1595762,936397,0.59,1050019,545743,516973,0.95,1334987,501690,8971985,7020770,.78,609564,.07,2.2661562,2141122,4852117
NOV15,1623242,979726,0.6,1033601,589641,558153,0.95,1373149,482954,9716978,7734681,0.8,642444,.07,2.269452,2356030,5346897
OCT15,1660495,1008665,0.61,1061978,598517,566317,0.95,1404403,489541,9819155,7771027,.79,655394,.07,2.2614719,2373100,5366699
SEP15,1612957,982969,0.61,1023763,589194,557967,0.95,1365729,472760,9902583,7780284,.79,680785,.07,2.2683227,2371622,5379604
AUG15,1517430,917972,0.6,986400,531030,503831,0.95,1284766,455093,8564253,6747726,.79,574785,.07,2.2412915,2073542,4647412
JUL15,1665459,1027107,0.62,1056539,608920,577258,0.95,1411859,482645,9988832,7858309,.79,669421,.07,2.2665822,2395831,5430348
JUN15,1631549,1004469,0.62,1031419,600130,569743,0.95,1382703,473174,10027010,7922440,.79,663923,.07,2.24267,2433342,5457183
MAY15,1549830,933407,0.6,1011522,538308,511110,0.95,1316717,471937,8713709,6896069,.79,574700,.07,2.2731364,2098197,4769488
APR15,1545155,935986,0.61,990745,554410,526331,0.95,1309762,464662,9186597,7286985,.79,606470,.07,2.3070738,2188780,5049677
MAR15,1641578,1001810,0.61,1042240,599338,568123,0.95,1395992,483397,9468183,7579144,0.8,636175,0.1,2.3031969,2284146,5260838
FEB15,1480630,907625,0.61,943806,536824,509928,0.95,1255228,431359,8571154,6857941,0.8,574412,0.1,2.3183591,2056907,4768649
JAN15,1572128,942985,0.6,1017723,554405,526554,0.95,1323065,471515,9152749,7295473,0.8,641340,0.1,2.3254189,2183936,5078566
DEC14,1564225,907710,0.58,1044711,519514,492710,0.95,1314576,499204,8558088,6743490,0.8,607128,0.1,2.2810859,2051177,4678911
NOV14,1548034,936752,0.61,1002242,545792,517869,0.95,1320448,465353,8849249,7099120,0.8,614830,0.1,2.2862664,2156540,4930425
OCT14,1646172,1008998,0.61,1059004,587168,556970,0.95,1402219,483453,9666947,7702577,0.8,672113,0.1,2.2845815,2342693,5352073
SEP14,1571544,962756,0.61,1011813,559731,531215,0.95,1339458,462154,9377011,7456610,0.8,661864,0.1,2.2815891,2267407,5173291
AUG14,1469553,890603,0.61,969458,500095,475774,0.95,1248078,442377,7942506,6315225,0.8,565021,0.1,2.2947358,1912109,4387785
JUL14,1627591,999809,0.61,1049661,577930,549357,0.95,1383165,478134,9513332,7601588,0.8,669386,0.1,2.2808792,2309178,5266956
JUN14,1545674,941619,0.61,1003888,541786,515910,0.95,1312173,461137,8965598,7198496,0.8,630476,0.1,2.2694279,2194509,4980280
MAY14,1552142,933352,0.6,1024638,527504,501667,0.95,1316346,475613,8562573,6897413,0.8,591879,0.1,2.2953309,2085989,4788035
APR14,1512716,907894,0.6,989730,522986,497358,0.95,1281709,462011,8561033,6884624,0.8,578325,0.1,2.3216082,2065594,4795500
MAR14,1575227,951986,0.6,1025931,549296,522393,0.95,1339806,473344,8501486,6903235,0.8,562935,0.1,2.3165634,2080484,4819573
FEB14,1454296,883981,0.61,941944,512352,486913,0.95,1237303,431233,8025073,6520159,0.8,535510,0.1,2.3446626,1948616,4568847
JAN14,1587637,965578,0.61,1024755,562882,535827,0.95,1347836,471403,9009367,7311546,0.8,624284,0.1,2.3833058,2160265,5148572
DEC13,1473687,857010,0.58,997801,475886,452484,0.95,1245439,473900,7628994,6106443,0.8,545377,0.1,2.3406693,1826930,4276239
NOV13,1525320,934315,0.61,986028,539292,513209,0.95,1301594,447993,8610288,6982538,0.8,592544,0.1,2.3553202,2079927,4898894
OCT13,1591399,977661,0.61,1026740,564659,537581,0.95,1356817,463341,9251066,7430950,0.8,646898,0.1,2.3532966,2214921,5212366
SEP13,1474508,899977,0.61,960088,514420,489483,0.95,1258262,433238,8533330,6808409,0.8,617082,0.1,2.3401703,2037585,4768296
AUG13,1458656,888019,0.61,961458,497198,473733,0.95,1242409,434416,7902354,6310808,0.8,560844,0.1,2.3609377,1877097,4431709
JUL13,1574532,968366,0.62,1015493,559039,532242,0.95,1342775,458387,9147035,7355980,0.8,645123,0.1,2.3307377,2207837,5145889
JUN13,1445401,884603,0.61,944551,500850,477420,0.95,1234255,426921,8169029,6575054,0.8,576204,0.1,2.3288027,1974546,4598328
MAY13,1520070,925257,0.61,992763,527307,502329,0.95,1295036,453329,8530918,6878931,0.8,597540,0.1,2.3457762,2055396,4821499
APR13,1482368,893005,0.6,964081,518287,493729,0.95,1260525,447957,8535884,6876369,0.8,591498,0.1,2.3676577,2041249,4832979
MAR13,1487648,880445,0.59,986775,500873,476024,0.95,1269079,457769,7613249,6080461,0.8,545482,0.1,2.3488682,1815663,4264753
FEB13,1394629,847343,0.61,899512,495117,471304,0.95,1189851,409040,7592814,6113660,0.8,535664,0.1,2.3416123,1829545,4284085
JAN13,1520842,914621,0.6,985447,535395,508969,0.95,1292800,452663,8470126,6697049,0.8,658490,0.1,2.3401959,2004980,4692046
DEC12,1405834,806188,0.57,962042,443792,421690,0.95,1194948,456062,6755998,5366462,0.8,510722,0.1,2.3009717,1625711,3740715
NOV12,1533541,933004,0.61,987902,545639,519017,0.95,1314993,449418,8347990,6749622,0.8,599244,0.1,2.3325759,2025336,4724250
OCT12,1578814,957251,0.61,1021090,557724,530090,0.95,1351915,461498,8750092,7057414,0.8,633593,0.1,2.2898263,2145202,4912140
SEP12,1423444,854853,0.6,943420,480024,456586,0.95,1220271,424581,7603878,6083350,0.8,557855,0.1,2.3081775,1838869,4244436
AUG12,1478983,890946,0.6,974260,504723,480202,0.95,1264736,439221,7754880,6213850,0.8,569009,0.1,2.2997575,1883109,4330694
JUL12,1521650,913059,0.6,1000061,521589,495704,0.95,1304275,457048,8151243,6539624,0.8,598232,0.1,2.2908411,1987209,4552380
JUN12,1412993,834049,0.59,948234,464759,441655,0.95,1208926,435902,7162268,5731400,0.8,523026,0.1,2.3432565,1714301,4017047
MAY12,1558874,943146,0.61,1011918,546956,520520,0.95,1338224,460869,8600641,6960967,0.8,611111,0.1,2.3151583,2099726,4861198
APR12,1397794,819917,0.59,932595,465199,442537,0.95,1195615,431972,7288569,5861725,0.8,517794,0.1,2.3666245,1741122,4120582
MAR12,1558312,935252,0.6,1013140,545172,517339,0.95,1341445,463950,7990051,6419807,0.8,567647,0.1,2.3553484,1913266,4506408
FEB12,1448937,868296,0.6,943203,505734,479301,0.95,1245120,431307,7625188,6106357,0.8,544527,0.1,2.3551879,1819952,4286329
JAN12,1483485,877246,0.59,974753,508732,482964,0.95,1271931,447911,7914567,6362941,0.8,588325,0.1,2.3730841,1886379,4476536
DEC11,1421800,821549,0.58,969323,452477,429084,0.95,1212855,450714,6808082,5400350,0.8,521433,0.1,2.3391747,1617264,3783063
NOV11,1497348,907858,0.61,968589,528759,502052,0.95,1290352,435064,8117936,6520687,0.8,587672,0.1,2.322738,1962270,4557839
OCT11,1456465,869699,0.6,964731,491734,466691,0.95,1254098,437254,7592128,6065976,0.8,563108,0.1,2.292909,1842060,4223676
SEP11,1459949,881572,0.6,957832,502117,476401,0.95,1256994,428445,7862887,6241871,0.8,598239,0.1,2.3121517,1884529,4357317
AUG11,1438904,864775,0.6,947612,491292,465811,0.95,1237342,424795,7559680,6005574,0.8,579637,0.1,2.3055938,1816650,4188457
JUL11,1445515,868177,0.6,962612,482903,457598,0.95,1247557,428419,7353489,5865916,0.8,552039,0.1,2.2917826,1781974,4083897
JUN11,1473001,892549,0.61,962146,510855,484669,0.95,1269282,430819,7949031,6340940,0.8,605189,0.1,2.2828671,1931391,4409109
MAY11,1427957,841907,0.59,953346,474611,449745,0.95,1230476,437289,7560600,6034137,0.8,578550,0.1,2.3267897,1813674,4220038
APR11,1353751,784283,0.58,924030,429721,406958,0.95,1161943,426872,6623205,5255936,0.8,498668,0.1,2.3315299,1577550,3678105
MAR11,1539864,914627,0.59,1005864,534000,503927,0.94,1331555,462451,8074079,6514378,0.8,592577,0.1,2.3513153,1943707,4570268
FEB11,1361803,803331,0.59,903248,458555,433508,0.95,1175176,413694,7024711,5675057,0.8,515982,0.1,2.3719578,1682922,3991820
JAN11,1421276,810344,0.57,961663,459613,434716,0.95,1216787,451708,7322795,5870157,0.8,590318,0.1,2.3968517,1728016,4141798
DEC10,1397321,779734,0.56,978139,419182,395035,0.94,1193272,463444,6588520,4978292,0.8,595569,0.1,2.2870341,1514454,3463608
NOV10,1488025,880040,0.59,979773,508252,479683,0.94,1284518,442091,7810368,6266164,0.8,597776,0.1,2.2901283,1904406,4361334
OCT10,1463346,856867,0.59,987006,476340,448674,0.94,1263994,442641,7253206,5815430,0.8,557317,0.1,2.2871722,1768942,4045875
SEP10,1458027,862789,0.59,965823,492204,463509,0.94,1261266,434922,7696039,6132641,0.8,606894,0.1,2.2652939,1878019,4254265
AUG10,1394664,816591,0.59,939757,454907,428238,0.94,1204148,425400,6994014,5586435,0.8,551269,0.1,2.2496235,1718997,3867096
JUL10,1479767,879609,0.59,989773,489994,461591,0.94,1279436,442710,7509248,6024397,0.8,583212,0.1,2.238327,1860209,4163756
JUN10,1461048,869145,0.59,963056,497992,468720,0.94,1262533,434881,7740434,6187189,0.8,615727,0.1,2.2299314,1915441,4271302
MAY10,1406440,815297,0.58,958697,447743,422056,0.94,1215792,439003,6945884,5589873,0.8,536493,0.1,2.2571951,1715989,3873322
APR10,1398301,811754,0.58,945377,452924,426511,0.94,1202367,434087,7039207,5625951,0.8,540752,0.1,2.3203278,1694283,3931292
MAR10,1529173,900418,0.59,1007044,522129,490230,0.94,1324210,462302,7906687,6386367,0.8,601720,0.1,2.2789995,1944674,4431911
FEB10,1340187,789248,0.59,889667,450520,423435,0.94,1159027,404443,6847549,5517135,0.8,526523,0.1,2.2816481,1678797,3830424
JAN10,1352103,773074,0.57,924962,427141,400988,0.94,1162060,426812,6848628,5235358,0.8,625192,0.1,2.2429845,1612214,3616171
DEC09,1404121,788726,0.56,974834,429287,402932,0.94,1203280,457548,6620292,5219020,0.8,548430,0.1,2.2033134,1626946,3584672
NOV09,1423402,825971,0.58,953699,469703,440965,0.94,1232036,435556,7215993,5842119,0.8,552890,0.1,2.2411867,1799610,4033262
OCT09,1467075,851327,0.58,990168,476907,446699,0.94,1269820,450788,7270313,5851855,0.8,567014,0.1,2.2340034,1806692,4036156
SEP09,1403787,824350,0.59,931739,472048,442141,0.94,1219601,423836,7402957,5924923,0.8,594872,0.1,2.2172168,1838398,4076127
AUG09,1309130,758870,0.58,892757,416373,390123,0.94,1135483,402495,6308804,5053890,0.8,502740,0.1,2.1915525,1581269,3465434
JUL09,1449530,855223,0.59,967120,482410,452481,0.94,1257071,431470,7346584,5893611,0.8,579305,0.1,2.2006151,1838670,4046205
JUN09,1420719,832967,0.59,945977,474742,445037,0.94,1230138,428076,7378823,5954518,0.8,578406,0.1,2.1819937,1868499,4077053
MAY09,1347020,769303,0.57,928782,418238,392035,0.94,1166533,426819,6337533,5117063,0.8,492001,0.1,2.210556,1591553,3518217
APR09,1359949,778107,0.57,924558,435391,408150,0.94,1178453,427742,6714295,5418178,0.8,521165,0.1,2.2508673,1664282,3746078
MAR09,1445767,823573,0.57,970438,475329,440909,0.93,1261183,452359,6816974,5554413,0.8,525038,0.1,2.2028268,1733923,3819532
FEB09,1274640,732197,0.57,861392,413248,384199,0.93,1108613,392630,5955659,4689794,0.8,494579,0.1,2.2391038,1447254,3240552
JAN09,1361110,772928,0.57,918007,443103,411803,0.93,1179299,423455,6431522,5184452,0.8,529216,0.1,2.2680341,1585716,3596458
DEC08,1351365,736589,0.55,943939,407426,378177,0.93,1165806,446748,5873865,4691664,0.8,484396,0.1,2.1876699,1471099,3218279
NOV08,1338239,764077,0.57,906484,431755,401806,0.93,1170731,414040,6124884,4996065,0.8,476027,0.1,2.2359436,1543623,3451454
OCT08,1431636,831792,0.58,960575,471061,438848,0.93,1249211,433123,6738132,5466323,0.8,535584,0.1,2.226193,1693996,3771162
SEP08,1355022,782815,0.58,911906,443116,411893,0.93,1183126,410364,6492571,5254169,0.8,526745,0.1,2.2023475,1640381,3612689
AUG08,1273247,720602,0.57,883137,390110,362303,0.93,1110498,397801,5479146,4429787,0.8,443090,0.1,2.2125787,1378120,3049199
JUL08,1400417,818239,0.58,939690,460727,428203,0.93,1226136,418532,6588573,5356906,0.8,522465,0.1,2.2310338,1656965,3696745
JUN08,1318079,759548,0.58,892728,425351,395277,0.93,1153605,402066,6152033,5015809,0.8,494439,0.1,2.2341075,1549989,3462842
MAY08,1328020,752822,0.57,915756,412264,382482,0.93,1160362,413109,5813629,4736639,0.8,467489,0.1,2.27206,1446791,3287196
APR08,1354952,779239,0.58,907927,447025,414110,0.93,1184075,406405,6386505,5231205,0.8,494612,0.1,2.2942418,1587035,3641042
MAR08,1281801,702191,0.55,890136,391665,359197,0.92,1125123,405868,5250825,4300343,0.8,426003,0.1,2.2815491,1308127,2984556
FEB08,1297408,745803,0.57,872450,424958,391896,0.92,1140086,383747,5637434,4664936,0.8,444651,0.1,2.2936207,1413439,3241893
JAN08,1333602,754163,0.57,900553,433049,399632,0.92,1168168,404245,6127600,5007974,0.8,526154,0.1,2.3221326,1504573,3493818
DEC07,1197814,638292,0.53,858365,339449,311532,0.92,1046550,398205,4687837,3804210,0.8,396635,0.1,2.2428864,1171062,2626559
NOV07,1324595,757527,0.57,895422,429173,396175,0.92,1166019,398381,5934982,4892107,0.8,479582,0.1,2.2710356,1492996,3390647
OCT07,1354103,769356,0.57,919701,434402,399532,0.92,1190762,410475,6144081,5018526,0.8,522083,0.1,2.2682995,1533201,3477759
SEP07,1225860,691203,0.56,851954,373906,345563,0.92,1079019,376896,5438116,4401026,0.8,460482,0.1,2.2454151,1353967,3040218
AUG07,1274667,719457,0.56,884214,390453,360565,0.92,1116986,391334,5475792,4437888,0.8,459439,0.1,2.2568716,1360489,3070449
JUL07,1301280,732105,0.56,898108,403172,371585,0.92,1141788,397923,5743307,4657427,0.8,476312,0.1,2.2761468,1419227,3230369
JUN07,1266654,715102,0.56,876009,390645,359944,0.92,1111356,390411,5497138,4482970,0.8,465544,0.1,2.2845553,1362691,3113143
MAY07,1307117,730827,0.56,906009,401108,367953,0.92,1147940,407946,5614329,4587402,0.8,469044,0.1,2.3103084,1383498,3196307
APR07,1194041,650418,0.54,839651,354390,324717,0.92,1045931,387887,5098043,4160949,0.8,427315,0.1,2.3710692,1232231,2921705
